{
  "type": "GenericCrafter",
  "name": "Rananium squeezer",
  "description": "Squeezes rananium and extracts liquid out of that. Cryoliquid and water required for it to be useful/",
  "drawer": {
    "type": "DrawMulti",
    "drawers": [
      {
        "type": "DrawRegion",
        "suffix": "-bottom",
        "layer": 0
      },
      {
        "type": "DrawLiquidTile",
        "drawLiquid": "cryofluid"
      },
      {
        "type": "DrawLiquidTile",
        "drawLiquid": "ran-2-aium"
      },
	{
	"type":"DrawBlurSpin",
	"suffix": "-spin",
	"rotateSpeed": 30,
	"blurThresh": 10
	},
      {
        "type": "DrawDefualt"
      }

    ]
  },
  "size": 3,
  "hasPower": true,
  "hasLiquids": true,
  "hasItems": true,
  "itemCapacity": 80,
  "liquidCapacity": 100,
  "craftTime": 200,
  "craftEffect": "plasticburn",
  "updateEffect": "none",
  "consumes": {
    "power": 8,
    "items": {
      "items": [
        "ranainium/10"
      ]
    },
    "liquids": {
      "liquids": [
        "water/0.3",
        "cryofluid/0.1"
      ]
    }
  },
  "requirements": [
    "ranainium/600",
    "thorium/300",
    "lead/1000",
    "surge-alloy/100",
    "plastanium/350"
  ],
  "category": "crafting",
  "outputLiquid": "ran-2-aium/0.6"
}