{
  "type": "ItemTurret",
  "name": "Ranainium Railgun",
  "description": "Experimental railgun made with memes. Use with caution",
  "size": 5,
  "health": 3200,
  "maxAmmo": 60,
  "buildCostMultiplier": 3,
  "ammoPerShot": 20,
  "reload": 200,
  "range": 700,
  "targetAir": true,
  "targetGround": true,
  "rotateSpeed": 1,
  "ammoUseEffect": "casing1",
  "ammoEjectBack": 10,
  "inaccuracy": 0,
  "recoilAmount": 99,
  "restitution": 10,
  "shootSound": "largeCannon",
  "category": "turret",
  "ammoTypes": {
    "ranainium": {
      "type": "BulletType",
      "damage": 1300,
      "splashDamageRadius": 90,
      "splashDamage": 900,
      "speed": 200,
      "lifetime": 20,
      "height": 20,
      "width": 5,
      "pierceBuilding": true,
      "shootEffect": "shootSmokeMissile",
      "pierce": true,
      "hittable": false,
      "reflectable": false,
      "absorbable": false,
      "makeFire": true,
      "pierceArmor": true,
      "trailLength": 3,
      "trailWidth": 2,
      "impact": true,
      "hitEffect": "scatheExplosion",
      "splashDamagePierce": true,
      "pierceDamageFactor": -1.0
    }
  },
  "coolantMultiplier": 0.5,
  "consumes": {
    "coolant": {
      "amount": 1
    }
  },
"requirements": [
    { "item": "surge-alloy", "amount": 600 },
    { "item": "plastanium", "amount": 450 },
    { "item": "copper", "amount": 1000 },
    { "item": "ranainium", "amount": 300 },
    { "item": "phase-fabric", "amount": 1 }
  ]

}
